{
  "qwe": {
    "ROI_1": {
      "x": 371.0,
      "y": 240.0,
      "width": 386.0,
      "height": 41.0,
      "tolerance": 3,
      "field_type": "single"
    },
    "ROI_2": {
      "x": 158.4,
      "y": 715.1999999999999,
      "width": 433.20000000000005,
      "height": 722.4,
      "tolerance": 3,
      "field_type": "table"
    }
  }
}